dateText,blueTeamName,redTeamName,winnerName,blueBan1,blueBan2,blueBan3,blueBan4,blueBan5,redBan1,redBan2,redBan3,redBan4,redBan5,bluePick1,bluePick2,bluePick3,bluePick4,bluePick5,redPick1,redPick2,redPick3,redPick4,redPick5,blueTop,blueJng,blueMid,blueAdc,blueSup,redTop,redJng,redMid,redAdc,redSup
2022-08-14,Kwangdong Freecs,Nongshim RedForce,Nongshim RedForce,Draven,Lucian,Yuumi,Taliyah,Sylas,Sivir,Zeri,Renata Glasc,Ahri,Ornn,Gnar,Vi,LeBlanc,Kalista,Amumu,Renekton,Wukong,Azir,Aphelios,Leona,Kiin,Ellim,FATE,Teddy,Hoit,Canna,Dread,Bdd,Ghost,Effort
2022-08-14,Nongshim RedForce,Kwangdong Freecs,Nongshim RedForce,Renata Glasc,Vi,Zeri,Ornn,Tahm Kench,Kalista,Sivir,Lucian,Ahri,Nautilus,Renekton,Wukong,Taliyah,Aphelios,Leona,Gragas,Poppy,Azir,Jinx,Rakan,Canna,Dread,Bdd,Ghost,SnowFlower,Kiin,Ellim,FATE,Teddy,Hoit
2022-08-14,DRX,Hanwha Life Esports,Hanwha Life Esports,Poppy,Lucian,Gwen,Renata Glasc,Nautilus,Kalista,Sivir,Zeri,Tahm Kench,Olaf,Ornn,Wukong,Ahri,Aphelios,Leona,Renekton,Vi,Lissandra,Draven,Braum,Kingen,Pyosik,Zeka,Deft,BeryL,DuDu,OnFleek,Karis,SamD,Vsta
2022-08-14,Hanwha Life Esports,DRX,Hanwha Life Esports,Poppy,Azir,Draven,Leona,Gwen,Lucian,Renata Glasc,Sivir,Lissandra,Swain,Renekton,Vi,Sylas,Kalista,Amumu,Olaf,Wukong,Ahri,Varus,Braum,DuDu,OnFleek,Karis,SamD,Vsta,Kingen,Pyosik,Zeka,Deft,BeryL
2022-08-14,DRX,Hanwha Life Esports,DRX,Poppy,Lucian,Draven,Gwen,Trundle,Kalista,Sivir,Zeri,Renekton,Lee Sin,Ornn,Vi,Ahri,Aphelios,Renata Glasc,Aatrox,Wukong,Azir,Jinx,Tahm Kench,Kingen,Pyosik,Zeka,Deft,BeryL,DuDu,OnFleek,Karis,SamD,Vsta
2022-08-13,DWG KIA,T1,T1,Renata Glasc,Yuumi,Wukong,Lee Sin,Viego,Sivir,Poppy,Kalista,Leona,Gwen,Ornn,Vi,Sylas,Zeri,Braum,Gragas,Xin Zhao,Ahri,Draven,Nautilus,Nuguri,Canyon,ShowMaker,deokdam,Kellin,Zeus,Oner,Faker,Gumayusi,Keria
2022-08-13,T1,DWG KIA,T1,Renata Glasc,Sylas,Amumu,Poppy,Gragas,Sivir,Gwen,Yone,Kalista,Draven,Ornn,Wukong,Ahri,Samira,Nautilus,Sejuani,Xin Zhao,Azir,Zeri,Yuumi,Zeus,Oner,Faker,Gumayusi,Keria,Nuguri,Canyon,ShowMaker,deokdam,Kellin
2022-08-13,Gen.G,KT Rolster,Gen.G,Renata Glasc,Lulu,Yuumi,Zeri,Sejuani,Kalista,Sivir,Poppy,Nautilus,Leona,Ornn,Vi,Ahri,Lucian,Soraka,Renekton,Wukong,Sylas,Nilah,Nami,Doran,Peanut,Chovy,Ruler,Lehends,Rascal,Cuzz,VicLa,Aiming,Life
2022-08-13,KT Rolster,Gen.G,KT Rolster,Poppy,Wukong,Azir,Gwen,Trundle,Kalista,Yuumi,Lucian,Gragas,Vi,Renekton,Skarner,Ahri,Sivir,Renata Glasc,Sejuani,Jarvan IV,Sylas,Zeri,Alistar,Rascal,Cuzz,VicLa,Aiming,Life,Doran,Peanut,Chovy,Ruler,Lehends
2022-08-13,Gen.G,KT Rolster,Gen.G,Renata Glasc,Wukong,Aphelios,Nautilus,Gwen,Kalista,Sivir,Poppy,Trundle,Renekton,Gnar,Morgana,Azir,Twitch,Yuumi,Sejuani,Vi,Ahri,Zeri,Lulu,Doran,Peanut,Chovy,Ruler,Lehends,Rascal,Cuzz,VicLa,Aiming,Life
2022-08-12,Fredit BRION,Liiv SANDBOX,Liiv SANDBOX,Ahri,Yuumi,Poppy,Ornn,Sejuani,Draven,Kalista,Sivir,Viktor,Ryze,Renekton,Wukong,Lissandra,Varus,Tahm Kench,Gragas,Vi,Azir,Zeri,Renata Glasc,Morgan,UmTi,Lava,Hena,Delight,Dove,Croco,Clozer,Prince,Kael
2022-08-12,Fredit BRION,Liiv SANDBOX,Liiv SANDBOX,Ahri,Sylas,Sivir,Sejuani,Ornn,Draven,Kalista,Wukong,Karma,Renekton,Gwen,Xin Zhao,Azir,Varus,Leona,Gragas,Poppy,Akali,Zeri,Yuumi,Morgan,UmTi,Lava,Hena,Delight,Dove,Croco,Clozer,Prince,Kael
2022-08-12,Hanwha Life Esports,Nongshim RedForce,Nongshim RedForce,Poppy,Sylas,Lucian,Draven,Varus,Renata Glasc,Sivir,Zeri,Ahri,Gwen,Gnar,Vi,Akali,Kalista,Amumu,Renekton,Wukong,Azir,Aphelios,Leona,DuDu,OnFleek,Karis,SamD,Vsta,Canna,Dread,Bdd,Ghost,SnowFlower
2022-08-12,Nongshim RedForce,Hanwha Life Esports,Nongshim RedForce,Draven,Gwen,Wukong,Viktor,Lissandra,Kalista,Yuumi,Azir,Karma,Nautilus,Renekton,Vi,Ahri,Sivir,Renata Glasc,Gragas,Poppy,Sylas,Zeri,Lulu,Canna,Dread,Bdd,Ghost,SnowFlower,DuDu,OnFleek,Karis,SamD,Vsta
2022-08-11,DRX,KT Rolster,KT Rolster,Lucian,Poppy,Sylas,Renekton,Trundle,Kalista,Sivir,Zeri,Ornn,Gwen,Aatrox,Viego,Ahri,Jinx,Tahm Kench,Sejuani,Wukong,Swain,Aphelios,Renata Glasc,Kingen,Pyosik,Zeka,Deft,BeryL,Rascal,Cuzz,VicLa,Aiming,Life
2022-08-11,DRX,KT Rolster,KT Rolster,Lucian,Poppy,Yuumi,Gwen,Sejuani,Kalista,Sivir,Zeri,Renata Glasc,Ornn,Gragas,Wukong,Sylas,Jinx,Rakan,Renekton,Trundle,Ahri,Aphelios,Tahm Kench,Kingen,Pyosik,Zeka,Deft,BeryL,Rascal,Cuzz,VicLa,Aiming,Life
2022-08-11,Kwangdong Freecs,DWG KIA,DWG KIA,Lucian,Sylas,Yuumi,Jarvan IV,Vi,Kalista,Wukong,Gwen,Azir,Sejuani,Gragas,Trundle,LeBlanc,Sivir,Karma,Camille,Lee Sin,Ahri,Draven,Renata Glasc,Kiin,Ellim,FATE,Teddy,Hoit,Nuguri,Canyon,ShowMaker,deokdam,Kellin
2022-08-11,Kwangdong Freecs,DWG KIA,DWG KIA,Sylas,Lucian,Yuumi,Vi,Trundle,Kalista,Gwen,Wukong,Karma,Soraka,Ornn,Poppy,Azir,Zeri,Lulu,Sejuani,Viego,Ahri,Sivir,Renata Glasc,Kiin,Ellim,FATE,Teddy,Moham,Nuguri,Canyon,ShowMaker,deokdam,Kellin
2022-08-10,T1,Liiv SANDBOX,Liiv SANDBOX,Poppy,Sivir,Zeri,Sylas,Ornn,Draven,Kalista,Lucian,Yuumi,Karma,Sejuani,Wukong,Swain,Jinx,Blitzcrank,Gragas,Trundle,Azir,Aphelios,Tahm Kench,Zeus,Oner,Faker,Gumayusi,Keria,Dove,Croco,Clozer,Prince,Kael
2022-08-10,Liiv SANDBOX,T1,Liiv SANDBOX,Draven,Lucian,Gwen,Renekton,Xin Zhao,Poppy,Kalista,Yuumi,Ornn,Leona,Gragas,Vi,Ahri,Sivir,Nautilus,Sejuani,Pantheon,Azir,Zeri,Lulu,Dove,Croco,Clozer,Prince,Kael,Zeus,Oner,Faker,Gumayusi,Keria
2022-08-10,Fredit BRION,Gen.G,Gen.G,Sylas,Azir,Yuumi,Vi,Gwen,Ryze,Kalista,Wukong,Alistar,Kennen,Ornn,Poppy,Viktor,Zeri,Karma,Gnar,Skarner,Ahri,Sivir,Lulu,Morgan,UmTi,Lava,Hena,Delight,Doran,Peanut,Chovy,Ruler,Lehends
2022-08-10,Gen.G,Fredit BRION,Gen.G,Rakan,Ryze,Poppy,Tahm Kench,Renata Glasc,Sylas,Yuumi,Wukong,Sejuani,Trundle,Gwen,Vi,LeBlanc,Kalista,Amumu,Kennen,Lee Sin,Azir,Varus,Leona,Doran,Peanut,Chovy,Ruler,Lehends,Morgan,UmTi,Lava,Hena,Delight
2022-08-07,Kwangdong Freecs,DRX,DRX,Sylas,Poppy,Yuumi,Viego,Xin Zhao,Gwen,Kalista,Wukong,Rakan,Leona,Sejuani,Vi,Taliyah,Zeri,Renata Glasc,Gragas,Trundle,Ahri,Sivir,Lulu,Kiin,Ellim,FATE,Teddy,Moham,Kingen,Pyosik,Zeka,Deft,BeryL
2022-08-07,Kwangdong Freecs,DRX,DRX,Sylas,Poppy,Yuumi,Vi,Viego,Gwen,Kalista,Wukong,Renekton,Gnar,Ornn,Lee Sin,Taliyah,Zeri,Rakan,Gragas,Xin Zhao,Ahri,Sivir,Lulu,Kiin,Ellim,FATE,Teddy,Moham,Kingen,Pyosik,Zeka,Deft,BeryL
2022-08-07,T1,Nongshim RedForce,T1,Poppy,Taliyah,Sylas,Gwen,Blitzcrank,Wukong,Zeri,Sivir,Trundle,Nocturne,Zac,Viego,Azir,Draven,Renata Glasc,Ornn,Vi,Ahri,Kalista,Ashe,Zeus,Oner,Faker,Gumayusi,Keria,Canna,Dread,Bdd,Ghost,SnowFlower
2022-08-07,Nongshim RedForce,T1,Nongshim RedForce,Draven,Kalista,Wukong,Lulu,Rakan,Taliyah,Poppy,Yuumi,Gnar,Leona,Ornn,Vi,Sylas,Sivir,Renata Glasc,Renekton,Lee Sin,Azir,Zeri,Zilean,Canna,Dread,Bdd,Ghost,SnowFlower,Zeus,Oner,Faker,Gumayusi,Keria
2022-08-07,Nongshim RedForce,T1,T1,Draven,Kalista,Lee Sin,Tahm Kench,Sylas,Taliyah,Yuumi,Poppy,Gwen,Akali,Gnar,Wukong,Seraphine,Aphelios,Alistar,Camille,Vi,Azir,Sivir,Rakan,Canna,Dread,Bdd,Ghost,SnowFlower,Zeus,Oner,Faker,Gumayusi,Keria
2022-08-06,Liiv SANDBOX,KT Rolster,Liiv SANDBOX,Yuumi,Ahri,Twitch,Nautilus,Rakan,Kalista,Sylas,Wukong,Sejuani,Ornn,Gnar,Poppy,Azir,Zeri,Lulu,Gwen,Viego,Taliyah,Sivir,Amumu,Dove,Croco,Clozer,Prince,Kael,Rascal,Cuzz,VicLa,Aiming,Life
2022-08-06,KT Rolster,Liiv SANDBOX,KT Rolster,Poppy,Vi,Sivir,Ahri,Ornn,Yuumi,Lucian,Zeri,Sejuani,Gnar,Akali,Viego,Sylas,Kalista,Amumu,Gwen,Wukong,Taliyah,Aphelios,Renata Glasc,Rascal,Cuzz,VicLa,Aiming,Life,Dove,Croco,Clozer,Prince,Kael
2022-08-06,KT Rolster,Liiv SANDBOX,Liiv SANDBOX,Poppy,Vi,Kalista,Ornn,Sejuani,Yuumi,Lucian,Wukong,Gwen,Renekton,Lee Sin,Viego,Ahri,Zeri,Lulu,Gnar,Skarner,Sylas,Sivir,Renata Glasc,Rascal,Cuzz,VicLa,Aiming,Life,Dove,Croco,Clozer,Prince,Kael
2022-08-06,Hanwha Life Esports,Fredit BRION,Fredit BRION,Ryze,Poppy,Draven,Alistar,Taliyah,Yuumi,Azir,Kalista,Sylas,Ahri,Gwen,Wukong,Galio,Sivir,Nautilus,Gnar,Xin Zhao,Viktor,Zeri,Rakan,DuDu,OnFleek,Karis,Cheoni,Vsta,Morgan,UmTi,Lava,Hena,Delight
2022-08-06,Fredit BRION,Hanwha Life Esports,Fredit BRION,Kalista,Azir,Ahri,Wukong,Trundle,Ryze,Yuumi,Taliyah,Galio,Zoe,Gwen,Poppy,Viktor,Zeri,Nautilus,Gnar,Skarner,Sylas,Lucian,Nami,Morgan,UmTi,Lava,Hena,Delight,DuDu,OnFleek,Karis,Cheoni,Vsta
2022-08-06,Hanwha Life Esports,Fredit BRION,Hanwha Life Esports,Ryze,Poppy,Aphelios,Galio,Taliyah,Yuumi,Azir,Wukong,Gwen,Sylas,Gangplank,Trundle,Ahri,Kalista,Amumu,Gnar,Vi,Lissandra,Draven,Leona,DuDu,OnFleek,Karis,Cheoni,Vsta,Morgan,UmTi,Lava,Hena,Delight
2022-08-05,Gen.G,DWG KIA,Gen.G,Taliyah,Ahri,Kalista,Lissandra,Camille,Sylas,Azir,Yuumi,Sejuani,Ornn,Gangplank,Poppy,Ryze,Zeri,Lulu,Gnar,Viego,Viktor,Lucian,Nami,Doran,Peanut,Chovy,Ruler,Lehends,Nuguri,Canyon,ShowMaker,deokdam,Bible
2022-08-05,DWG KIA,Gen.G,DWG KIA,Poppy,Sylas,Renata Glasc,Gwen,Akali,Taliyah,Gnar,Wukong,Vi,Lee Sin,Camille,Karthus,Ahri,Kalista,Amumu,Renekton,Skarner,Azir,Lucian,Nami,Nuguri,Canyon,ShowMaker,deokdam,Bible,Doran,Peanut,Chovy,Ruler,Lehends
2022-08-05,DWG KIA,Gen.G,Gen.G,Kalista,Lucian,Yuumi,Tahm Kench,Renata Glasc,Taliyah,Gnar,Lissandra,Alistar,Leona,Sejuani,Trundle,Sylas,Zeri,Lulu,Gwen,Wukong,Azir,Sivir,Rakan,Nuguri,Canyon,ShowMaker,deokdam,Bible,Doran,Peanut,Chovy,Ruler,Lehends
2022-08-05,DRX,Nongshim RedForce,DRX,Sivir,Taliyah,Poppy,Trundle,Renata Glasc,Zeri,Kalista,Wukong,Gnar,Ornn,Gragas,Lee Sin,Sylas,Jinx,Tahm Kench,Renekton,Viego,Ryze,Aphelios,Yuumi,Kingen,Pyosik,Zeka,Deft,BeryL,Canna,Dread,Bdd,Ghost,SnowFlower
2022-08-05,Nongshim RedForce,DRX,Nongshim RedForce,Sylas,Poppy,Kalista,Alistar,Nocturne,Gwen,Yuumi,Wukong,Rakan,Lissandra,Renekton,Taliyah,Ryze,Sivir,Tahm Kench,Sejuani,Viego,Ahri,Zeri,Leona,Canna,Dread,Bdd,Ghost,SnowFlower,Kingen,Pyosik,Zeka,Deft,BeryL
2022-08-05,DRX,Nongshim RedForce,DRX,Gwen,Poppy,Sivir,Trundle,Renekton,Yuumi,Wukong,Zeri,Gnar,Nocturne,Sejuani,Viego,Sylas,Kalista,Amumu,Shyvana,Vi,Taliyah,Aphelios,Leona,Kingen,Pyosik,Zeka,Deft,BeryL,Canna,Dread,Bdd,Ghost,SnowFlower
2022-08-04,Hanwha Life Esports,T1,T1,Draven,Wukong,Galio,Poppy,Gwen,Yuumi,Lucian,Kalista,Leona,Rakan,Gnar,Viego,Sylas,Sivir,Nautilus,Sejuani,Lee Sin,Taliyah,Zeri,Lulu,DuDu,OnFleek,Karis,SamD,Vsta,Zeus,Oner,Faker,Gumayusi,Keria
2022-08-04,T1,Hanwha Life Esports,T1,Poppy,Kalista,Lulu,Trundle,Rakan,Draven,Yuumi,Lucian,Gnar,Tryndamere,Akali,Wukong,Galio,Zeri,Leona,Gwen,Viego,Azir,Sivir,Tahm Kench,Zeus,Oner,Faker,Gumayusi,Keria,DuDu,Willer,Karis,Cheoni,Vsta
2022-08-04,KT Rolster,Fredit BRION,KT Rolster,Poppy,Sivir,Kalista,Renekton,Tahm Kench,Lucian,Zeri,Yuumi,Twitch,Jinx,Sejuani,Wukong,Ahri,Xayah,Rakan,Aatrox,Vi,Sylas,Aphelios,Renata Glasc,Rascal,Cuzz,VicLa,Aiming,Life,Morgan,UmTi,Lava,Hena,Delight
2022-08-04,Fredit BRION,KT Rolster,Fredit BRION,Lucian,Ahri,Sylas,Renata Glasc,Lulu,Wukong,Yuumi,Kalista,Gnar,Nautilus,Gwen,Poppy,Ryze,Sivir,Leona,Ornn,Skarner,Taliyah,Zeri,Karma,Morgan,UmTi,Lava,Hena,Delight,Rascal,Cuzz,VicLa,Aiming,Life
2022-08-04,KT Rolster,Fredit BRION,KT Rolster,Wukong,Poppy,Kalista,Nautilus,Tahm Kench,Lucian,Yuumi,Sylas,Sejuani,Ornn,Akali,Vi,Ahri,Zeri,Lulu,Gwen,Lee Sin,Ryze,Sivir,Karma,Rascal,Cuzz,VicLa,Aiming,Life,Morgan,UmTi,Lava,Hena,Delight
2022-08-03,Kwangdong Freecs,Gen.G,Gen.G,Poppy,Sylas,Yuumi,Azir,Vi,Seraphine,Kalista,Taliyah,Gwen,Lissandra,Kennen,Wukong,Ryze,Sivir,Nautilus,Gnar,Viego,Ahri,Zeri,Alistar,Kiin,Ellim,FATE,Teddy,Hoit,Doran,Peanut,Chovy,Ruler,Lehends
2022-08-03,Kwangdong Freecs,Gen.G,Gen.G,Poppy,Sylas,Draven,Singed,Senna,Seraphine,Kalista,Taliyah,Skarner,Vi,Gwen,Xin Zhao,Ryze,Zeri,Yuumi,Gnar,Wukong,Azir,Yasuo,Sejuani,Kiin,Ellim,FATE,Teddy,Hoit,Doran,Peanut,Chovy,Ruler,Lehends
2022-08-03,DWG KIA,Liiv SANDBOX,Liiv SANDBOX,Kalista,Ahri,Sylas,Rakan,Renata Glasc,Taliyah,Yuumi,Gnar,Lissandra,Twisted Fate,Gwen,Poppy,Galio,Zeri,Alistar,Sejuani,Wukong,Azir,Sivir,Tahm Kench,Nuguri,Canyon,ShowMaker,deokdam,Bible,Dove,Croco,Clozer,Prince,Kael
2022-08-03,Liiv SANDBOX,DWG KIA,Liiv SANDBOX,Taliyah,Gnar,Yuumi,Lissandra,Gwen,Sylas,Zeri,Ahri,Poppy,Trundle,Ornn,Vi,Azir,Kalista,Renata Glasc,Sejuani,Wukong,Ryze,Aphelios,Tahm Kench,Dove,Croco,Clozer,Prince,Kael,Nuguri,Canyon,ShowMaker,deokdam,Bible
2022-07-31,Nongshim RedForce,Fredit BRION,Fredit BRION,Gnar,Sivir,Aphelios,Sejuani,Ornn,Taliyah,Yuumi,Gwen,Skarner,Trundle,Gangplank,Wukong,Azir,Kalista,Amumu,Renekton,Poppy,Ryze,Zeri,Leona,Canna,Dread,Bdd,Ghost,SnowFlower,Morgan,UmTi,Lava,Hena,Delight
2022-07-31,Nongshim RedForce,Fredit BRION,Fredit BRION,Wukong,Sylas,Kalista,Ahri,Galio,Taliyah,Yuumi,Azir,Alistar,Skarner,Gwen,Nocturne,Ryze,Zeri,Nautilus,Gnar,Poppy,Viktor,Sivir,Sett,Canna,Dread,Bdd,Ghost,SnowFlower,Morgan,UmTi,Lava,Hena,Delight
2022-07-31,Hanwha Life Esports,Kwangdong Freecs,Kwangdong Freecs,Taliyah,Ryze,Gnar,Wukong,Azir,Yuumi,Zeri,Kalista,Poppy,Sylas,Jax,Lee Sin,Ahri,Lucian,Nami,Gwen,Vi,Lissandra,Aphelios,Renata Glasc,DuDu,Willer,Karis,Cheoni,Vsta,Kiin,Ellim,FATE,Teddy,Hoit
2022-07-31,Kwangdong Freecs,Hanwha Life Esports,Kwangdong Freecs,Draven,Sylas,Poppy,Vi,Trundle,Taliyah,Yuumi,Kalista,Fiora,Azir,Gnar,Wukong,Ryze,Zeri,Nautilus,Gwen,Skarner,Galio,Lucian,Nami,Kiin,Ellim,FATE,Teddy,Hoit,DuDu,OnFleek,Karis,SamD,Vsta
2022-07-31,Hanwha Life Esports,Kwangdong Freecs,Hanwha Life Esports,Taliyah,Ryze,Lulu,Galio,Zoe,Zeri,Kalista,Lucian,Skarner,Xin Zhao,Gwen,Poppy,Sylas,Sivir,Yuumi,Gnar,Wukong,Azir,Senna,Seraphine,DuDu,OnFleek,Karis,SamD,Vsta,Kiin,Ellim,FATE,Teddy,Hoit
2022-07-30,T1,Gen.G,Gen.G,Kalista,Skarner,Aphelios,Gwen,Sylas,Draven,Lee Sin,Yuumi,Taliyah,Ryze,Ornn,Trundle,Azir,Lucian,Nami,Gnar,Poppy,Ahri,Zeri,Lulu,Zeus,Oner,Faker,Gumayusi,Keria,Doran,Peanut,Chovy,Ruler,Lehends
2022-07-30,T1,Gen.G,Gen.G,Poppy,Kalista,Singed,Wukong,Vi,Draven,Lee Sin,Yuumi,Xin Zhao,Viego,Gwen,Nocturne,Twisted Fate,Aphelios,Lulu,Akali,Skarner,Sylas,Lucian,Nami,Zeus,Oner,Faker,Gumayusi,Keria,Doran,Peanut,Chovy,Ruler,Lehends
2022-07-30,Liiv SANDBOX,DRX,Liiv SANDBOX,Yuumi,Gwen,Kalista,Rakan,Tahm Kench,Zeri,Sylas,Aphelios,Ezreal,Lucian,Sejuani,Wukong,Ahri,Sivir,Leona,Gnar,Trundle,Lissandra,Vayne,Nautilus,Dove,Croco,Clozer,Prince,Kael,Kingen,Pyosik,Zeka,Deft,BeryL
2022-07-30,DRX,Liiv SANDBOX,DRX,Poppy,Aphelios,Lucian,Azir,Akali,Kalista,Yuumi,Sylas,Nautilus,Leona,Gwen,Trundle,Lissandra,Zeri,Rakan,Gnar,Wukong,Ahri,Kog'Maw,Lulu,Kingen,Pyosik,Zeka,Deft,BeryL,Dove,Croco,Clozer,Prince,Kael
2022-07-30,DRX,Liiv SANDBOX,Liiv SANDBOX,Poppy,Aphelios,Ryze,Ahri,Gwen,Kalista,Yuumi,Sylas,Taliyah,Akali,Gnar,Lee Sin,Lissandra,Lucian,Nami,Sejuani,Wukong,Azir,Zeri,Nautilus,Kingen,Pyosik,Zeka,Deft,BeryL,Dove,Croco,Clozer,Prince,Kael
2022-07-29,DWG KIA,KT Rolster,KT Rolster,Kalista,Sylas,Gwen,Wukong,Poppy,Taliyah,Yuumi,Gnar,Gangplank,Lissandra,Sejuani,Trundle,Ryze,Lucian,Nami,Ornn,Viego,Ahri,Aphelios,Lulu,Nuguri,Canyon,ShowMaker,deokdam,Kellin,Rascal,Cuzz,VicLa,Aiming,Life
2022-07-29,DWG KIA,KT Rolster,KT Rolster,Kalista,Sylas,Aphelios,Lulu,Nautilus,Taliyah,Yuumi,Gnar,Fiora,Galio,Ornn,Poppy,Lissandra,Lucian,Nami,Gwen,Skarner,Ryze,Zeri,Tahm Kench,Nuguri,Canyon,ShowMaker,deokdam,Kellin,Rascal,Cuzz,VicLa,Aiming,Life
2022-07-29,Fredit BRION,Kwangdong Freecs,Kwangdong Freecs,Lucian,Yuumi,Kalista,Renata Glasc,Tahm Kench,Sylas,Poppy,Zeri,Ahri,Azir,Gwen,Wukong,Galio,Aphelios,Rakan,Gnar,Vi,Taliyah,Jinx,Nautilus,Morgan,UmTi,Lava,Hena,Delight,Kiin,Ellim,FATE,Teddy,Hoit
2022-07-29,Fredit BRION,Kwangdong Freecs,Kwangdong Freecs,Lucian,Yuumi,Kalista,Renata Glasc,Tahm Kench,Sylas,Poppy,Zeri,Wukong,Vi,Gwen,Lee Sin,Galio,Aphelios,Rakan,Gnar,Trundle,Taliyah,Jinx,Nautilus,Morgan,UmTi,Lava,Hena,Delight,Kiin,Ellim,FATE,Teddy,Hoit
2022-07-29,Fredit BRION,Kwangdong Freecs,Fredit BRION,Lucian,Yuumi,Kalista,Trundle,Renata Glasc,Sylas,Poppy,Draven,Azir,Ahri,Gnar,Wukong,Galio,Zeri,Alistar,Gwen,Vi,Taliyah,Sivir,Rakan,Morgan,UmTi,Lava,Hena,Delight,Kiin,Ellim,FATE,Teddy,Hoit
2022-07-28,DRX,Gen.G,Gen.G,Poppy,Yuumi,Ryze,Skarner,Gwen,Draven,Gnar,Sylas,Sejuani,Alistar,Ornn,Lee Sin,Taliyah,Zeri,Lulu,Gangplank,Vi,Ahri,Kalista,Renata Glasc,Kingen,Pyosik,Zeka,Deft,BeryL,Doran,Peanut,Chovy,Ruler,Lehends
2022-07-28,Gen.G,DRX,Gen.G,Draven,Lulu,Kalista,Tahm Kench,Trundle,Yuumi,Lucian,Sylas,Alistar,Viego,Sejuani,Poppy,Ahri,Zeri,Rakan,Gnar,Wukong,Taliyah,Sivir,Zilean,Doran,Peanut,Chovy,Ruler,Lehends,Kingen,Pyosik,Zeka,Deft,BeryL
2022-07-28,Nongshim RedForce,Liiv SANDBOX,Nongshim RedForce,Sylas,Nautilus,Kalista,Akali,Ryze,Taliyah,Wukong,Gwen,Ornn,Sejuani,Gangplank,Skarner,Azir,Sivir,Yuumi,Gnar,Trundle,Seraphine,Zeri,Lulu,Canna,Dread,Bdd,Ghost,SnowFlower,Dove,Croco,Clozer,Prince,Kael
2022-07-28,Liiv SANDBOX,Nongshim RedForce,Liiv SANDBOX,Taliyah,Kalista,Wukong,Yuumi,Draven,Zeri,Tahm Kench,Poppy,Gwen,Lee Sin,Ornn,Viego,Sylas,Aphelios,Nautilus,Gnar,Trundle,Ryze,Xayah,Rakan,Dove,Croco,Clozer,Prince,Kael,Canna,Dread,Bdd,Ghost,SnowFlower
2022-07-28,Liiv SANDBOX,Nongshim RedForce,Nongshim RedForce,Ryze,Taliyah,Kalista,Nautilus,Ahri,Zeri,Sylas,Tahm Kench,Ezreal,Lucian,Gwen,Poppy,Azir,Sivir,Yuumi,Gnar,Wukong,Seraphine,Aphelios,Alistar,Dove,Croco,Clozer,Prince,Kael,Canna,Dread,Bdd,Ghost,SnowFlower
2022-07-27,Hanwha Life Esports,DWG KIA,DWG KIA,Ryze,Gnar,Taliyah,Ahri,Lissandra,Kalista,Gwen,Sylas,Poppy,Trundle,Gangplank,Lee Sin,Azir,Draven,Amumu,Sejuani,Wukong,Galio,Zeri,Yuumi,DuDu,OnFleek,Karis,SamD,Vsta,Nuguri,Canyon,ShowMaker,deokdam,Kellin
2022-07-27,DWG KIA,Hanwha Life Esports,DWG KIA,Kalista,Lucian,Gwen,Sylas,None,Taliyah,Gnar,Twisted Fate,Gangplank,Zoe,Sion,Trundle,Galio,Zeri,Yuumi,Shyvana,Poppy,Ryze,Draven,Nautilus,Nuguri,Canyon,ShowMaker,deokdam,Kellin,DuDu,OnFleek,Karis,SamD,Vsta
2022-07-27,DWG KIA,Hanwha Life Esports,Hanwha Life Esports,Kalista,Draven,Nautilus,Trundle,Jax,Taliyah,Gnar,Yuumi,Ryze,Gangplank,Fiora,Poppy,Zoe,Lucian,Nami,Gwen,Wukong,Sylas,Aphelios,Lulu,Nuguri,Canyon,ShowMaker,deokdam,Kellin,DuDu,OnFleek,Karis,SamD,Vsta
2022-07-27,T1,KT Rolster,T1,Sylas,Kalista,Lucian,Skarner,Wukong,Draven,Taliyah,Sivir,Gangplank,Lee Sin,Ornn,Nocturne,Orianna,Zeri,Yuumi,Gwen,Poppy,Ryze,Twitch,Lulu,Zeus,Oner,Faker,Gumayusi,Keria,Rascal,Cuzz,VicLa,Aiming,Life
2022-07-27,KT Rolster,T1,KT Rolster,Draven,Lee Sin,Sivir,Lucian,Lulu,Sylas,Kalista,Taliyah,Gangplank,Renekton,Sion,Skarner,Ryze,Zeri,Yuumi,Gnar,Poppy,Galio,Aphelios,Thresh,Rascal,Cuzz,VicLa,Aiming,Life,Zeus,Oner,Faker,Gumayusi,Keria
2022-07-27,T1,KT Rolster,T1,Sylas,Lucian,Kalista,Sejuani,Wukong,Draven,Taliyah,Lee Sin,Ryze,Viego,Gnar,Poppy,Galio,Sivir,Yuumi,Gwen,Skarner,Azir,Zeri,Lulu,Zeus,Oner,Faker,Gumayusi,Keria,Rascal,Cuzz,VicLa,Aiming,Life
2022-07-24,Hanwha Life Esports,Gen.G,Gen.G,Yuumi,Corki,Lucian,Nautilus,Gwen,Azir,Gnar,Zeri,Poppy,Wukong,Gangplank,Lee Sin,Taliyah,Kalista,Ashe,Akshan,Jarvan IV,Sylas,Aphelios,Tahm Kench,DuDu,Willer,Karis,Cheoni,Vsta,Doran,Peanut,Chovy,Ruler,Lehends
2022-07-24,Hanwha Life Esports,Gen.G,Gen.G,Poppy,Corki,Lucian,LeBlanc,Orianna,Azir,Gnar,Sylas,Viego,Xin Zhao,Gwen,Trundle,Taliyah,Zeri,Lulu,Sejuani,Wukong,Ahri,Twitch,Yuumi,DuDu,OnFleek,Karis,Cheoni,Vsta,Doran,Peanut,Chovy,Ruler,Lehends
2022-07-24,Liiv SANDBOX,Kwangdong Freecs,Liiv SANDBOX,Kalista,Ryze,Gwen,Irelia,Lee Sin,Zeri,Lucian,Vi,Renata Glasc,Nautilus,Gnar,Poppy,Sylas,Aphelios,Thresh,Fiora,Trundle,Taliyah,Senna,Tahm Kench,Dove,Croco,Clozer,Prince,Kael,Kiin,Ellim,FATE,Teddy,Hoit
2022-07-24,Kwangdong Freecs,Liiv SANDBOX,Liiv SANDBOX,Sylas,Tahm Kench,Ahri,Poppy,Azir,Zeri,Kalista,Taliyah,Trundle,Wukong,Gwen,Viego,Lissandra,Lucian,Nami,Gnar,Vi,Akali,Aphelios,Renata Glasc,Kiin,Ellim,FATE,Teddy,Hoit,Dove,Croco,Clozer,Prince,Kael
2022-07-23,KT Rolster,Nongshim RedForce,KT Rolster,Taliyah,Ryze,Kalista,Zoe,Ezreal,Zeri,Lucian,Twitch,Wukong,Viego,Gwen,Nocturne,Sylas,Aphelios,Renata Glasc,Gangplank,Trundle,Viktor,Ashe,Tahm Kench,Rascal,Cuzz,VicLa,Aiming,Life,Canna,Dread,Bdd,Ghost,SnowFlower
2022-07-23,Nongshim RedForce,KT Rolster,Nongshim RedForce,Lucian,Ezreal,Twitch,Tahm Kench,Renata Glasc,Kalista,Taliyah,Zeri,Gangplank,Gwen,Camille,Trundle,Ryze,Aphelios,Nautilus,Gnar,Lee Sin,Sylas,Jinx,Taric,Canna,Dread,Bdd,Ghost,SnowFlower,Rascal,Cuzz,VicLa,Aiming,Life
2022-07-23,KT Rolster,Nongshim RedForce,KT Rolster,Poppy,Taliyah,Kalista,Gangplank,Trundle,Zeri,Lucian,Ezreal,Sejuani,Gnar,Ornn,Wukong,Sylas,Twitch,Renata Glasc,Gwen,Lee Sin,Azir,Aphelios,Tahm Kench,Rascal,Cuzz,VicLa,Aiming,Life,Canna,Dread,Bdd,Ghost,Effort
2022-07-23,Fredit BRION,T1,T1,Lucian,Draven,Taliyah,Camille,Gwen,Zeri,Kalista,Sylas,Senna,Renata Glasc,Gnar,Poppy,Ryze,Xayah,Rakan,Gangplank,Lee Sin,Galio,Aphelios,Nautilus,Morgan,UmTi,Lava,Hena,Delight,Zeus,Oner,Faker,Gumayusi,Keria
2022-07-23,T1,Fredit BRION,T1,Ryze,Kalista,Taliyah,Gangplank,Tahm Kench,Zeri,Lucian,Draven,Lee Sin,Viego,Gnar,Nocturne,Sylas,Aphelios,Nautilus,Gwen,Poppy,Corki,Jinx,Rakan,Zeus,Oner,Faker,Gumayusi,Keria,Morgan,UmTi,Lava,Hena,Delight
2022-07-23,Fredit BRION,T1,Fredit BRION,Lucian,Taliyah,Draven,Gangplank,Lee Sin,Zeri,Sylas,Corki,Wukong,None,Gnar,Poppy,Ryze,Kalista,Amumu,Gwen,Xin Zhao,Azir,Aphelios,Tahm Kench,Morgan,UmTi,Lava,Hena,Delight,Zeus,Oner,Faker,Gumayusi,Keria
2022-07-22,DRX,DWG KIA,DRX,Taliyah,Tahm Kench,Lucian,Poppy,Renata Glasc,Kalista,Sylas,Zeri,Senna,Draven,Gnar,Lee Sin,Ahri,Jinx,Leona,Gangplank,Trundle,Corki,Aphelios,Nautilus,Kingen,Pyosik,Zeka,Deft,BeryL,Nuguri,Canyon,ShowMaker,deokdam,Kellin
2022-07-22,DWG KIA,DRX,DWG KIA,Kalista,Lulu,Tahm Kench,Senna,Ezreal,Zeri,Lucian,Taliyah,Yuumi,Nautilus,Gangplank,Trundle,Sylas,Aphelios,Renata Glasc,Gnar,Poppy,Azir,Xayah,Rakan,Nuguri,Canyon,ShowMaker,deokdam,Kellin,Kingen,Pyosik,Zeka,Deft,BeryL
2022-07-22,DRX,DWG KIA,DRX,Taliyah,Tahm Kench,Lucian,Ezreal,Renata Glasc,Kalista,Poppy,Zeri,Nautilus,Draven,Gnar,Lee Sin,Sylas,Yasuo,Senna,Gangplank,Viego,Azir,Twitch,Yuumi,Kingen,Pyosik,Zeka,Deft,BeryL,Nuguri,Canyon,ShowMaker,deokdam,Kellin
2022-07-22,Liiv SANDBOX,Gen.G,Gen.G,Lucian,Yuumi,Sylas,Trundle,Corki,Vi,Azir,Zeri,Taliyah,Nautilus,Gangplank,Poppy,Viktor,Aphelios,Renata Glasc,Gnar,Morgana,Ryze,Jinx,Tahm Kench,Dove,Croco,Clozer,Prince,Kael,Doran,Peanut,Chovy,Ruler,Lehends
2022-07-22,Liiv SANDBOX,Gen.G,Gen.G,Lucian,Yuumi,Sylas,Corki,Viktor,Vi,Azir,Zeri,Gangplank,Taliyah,Gwen,Trundle,Ahri,Aphelios,Tahm Kench,Gnar,Poppy,LeBlanc,Jinx,Braum,Dove,Croco,Clozer,Prince,Kael,Doran,Peanut,Chovy,Ruler,Lehends
2022-07-21,Hanwha Life Esports,KT Rolster,KT Rolster,Corki,Sylas,Gwen,Ornn,Gangplank,Kalista,Zeri,Azir,Lissandra,Ahri,Gnar,Wukong,Twisted Fate,Aphelios,Lulu,Sejuani,Trundle,Taliyah,Lucian,Nami,DuDu,OnFleek,Karis,Cheoni,Vsta,Rascal,Cuzz,VicLa,Aiming,Life
2022-07-21,Hanwha Life Esports,KT Rolster,KT Rolster,Corki,Sylas,Gwen,Gangplank,Ornn,Kalista,Zeri,Azir,Lissandra,Trundle,Gnar,Xin Zhao,Ahri,Aphelios,Lulu,Sejuani,Viego,Taliyah,Lucian,Nami,DuDu,OnFleek,Karis,Cheoni,Vsta,Rascal,Cuzz,VicLa,Aiming,Life
2022-07-21,T1,Kwangdong Freecs,T1,Seraphine,Amumu,Gnar,Nocturne,Gangplank,Zeri,Corki,Pyke,Poppy,Ornn,Gragas,Lee Sin,Taliyah,Draven,Ashe,Sylas,Jarvan IV,Ahri,Kalista,Renata Glasc,Zeus,Oner,Faker,Gumayusi,Keria,Kiin,Ellim,FATE,Teddy,Moham
2022-07-21,T1,Kwangdong Freecs,T1,Seraphine,Amumu,Gnar,Nocturne,Trundle,Zeri,Corki,Pyke,Poppy,Gwen,Ornn,Lee Sin,Taliyah,Draven,Ashe,Gangplank,Jarvan IV,Ahri,Kalista,Renata Glasc,Zeus,Oner,Faker,Gumayusi,Keria,Kiin,Ellim,FATE,Teddy,Moham
2022-07-21,T1,Kwangdong Freecs,Kwangdong Freecs,Seraphine,Sylas,Poppy,Gangplank,Trundle,Zeri,Corki,Pyke,Lee Sin,Renata Glasc,Gnar,Xin Zhao,Lissandra,Draven,Nautilus,Gwen,Viego,Taliyah,Kalista,Amumu,Zeus,Oner,Faker,Gumayusi,Keria,Kiin,Ellim,FATE,Teddy,Moham
2022-07-20,Nongshim RedForce,DWG KIA,DWG KIA,Ezreal,Lucian,Corki,Sylas,Twisted Fate,Azir,Zeri,Poppy,Gangplank,Viego,Gwen,Wukong,Taliyah,Kalista,Amumu,Gnar,Trundle,Lissandra,Aphelios,Tahm Kench,Canna,Dread,Bdd,Ghost,Effort,Nuguri,Canyon,ShowMaker,deokdam,Kellin
2022-07-20,Nongshim RedForce,DWG KIA,DWG KIA,Ezreal,Lucian,Corki,Jinx,Senna,Poppy,Zeri,Kalista,Gangplank,Gwen,Sejuani,Wukong,Azir,Aphelios,Nautilus,Gnar,Viego,Taliyah,Ashe,Tahm Kench,Canna,Dread,Bdd,Ghost,SnowFlower,Nuguri,Canyon,ShowMaker,deokdam,Kellin
2022-07-20,Fredit BRION,DRX,DRX,Taliyah,Kalista,Poppy,Viego,Ornn,Zeri,Corki,Sylas,Lucian,Rakan,Gnar,Wukong,Ahri,Kai'Sa,Nautilus,Lee Sin,Xin Zhao,Azir,Aphelios,Tahm Kench,Morgan,UmTi,Lava,Hena,Delight,Kingen,Pyosik,Zeka,Deft,BeryL
2022-07-20,DRX,Fredit BRION,DRX,Poppy,Taliyah,Aphelios,Kai'Sa,Rakan,Zeri,Kalista,Sylas,Lucian,Renata Glasc,Sejuani,Viego,Corki,Senna,Tahm Kench,Gnar,Wukong,Ahri,Ezreal,Nautilus,Kingen,Juhan,Zeka,Deft,BeryL,Morgan,UmTi,Lava,Hena,Delight
2022-07-20,Fredit BRION,DRX,Fredit BRION,Lucian,Taliyah,Kalista,Azir,Ryze,Aphelios,Zeri,Corki,Kai'Sa,Tahm Kench,Gnar,Wukong,Sylas,Xayah,Rakan,Gangplank,Poppy,Akali,Ezreal,Karma,Morgan,UmTi,Lava,Hena,Delight,Kingen,Juhan,Zeka,Deft,BeryL
2022-07-17,Nongshim RedForce,Gen.G,Gen.G,Lucian,Poppy,Zeri,Gwen,Gangplank,Azir,Seraphine,Kalista,Jarvan IV,Gnar,Gragas,Viego,Sylas,Aphelios,Nautilus,Aatrox,Wukong,Ryze,Twitch,Yuumi,Canna,Sylvie,Bdd,Ghost,SnowFlower,Doran,Peanut,Chovy,Ruler,Lehends
2022-07-17,Gen.G,Nongshim RedForce,Gen.G,Azir,Seraphine,Renata Glasc,Zoe,Taliyah,Zeri,Lucian,Kalista,Tahm Kench,Yuumi,Gangplank,Poppy,Sylas,Jinx,Braum,Gwen,Viego,Syndra,Miss Fortune,Nautilus,Doran,Peanut,Chovy,Ruler,Lehends,Canna,Sylvie,Bdd,Ghost,SnowFlower
2022-07-17,Fredit BRION,DWG KIA,DWG KIA,Tahm Kench,Lucian,Sylas,Renata Glasc,Poppy,Amumu,Zeri,Corki,Jinx,Kalista,Gangplank,Bel'Veth,Azir,Ezreal,Leona,Gnar,Viego,Taliyah,Aphelios,Nautilus,Morgan,UmTi,Lava,Hena,Delight,Nuguri,Canyon,ShowMaker,deokdam,Kellin
2022-07-17,DWG KIA,Fredit BRION,DWG KIA,Poppy,Sylas,Amumu,Gangplank,Trundle,Zeri,Lucian,Corki,Gnar,Gwen,Sejuani,Viego,Taliyah,Aphelios,Tahm Kench,Ornn,Wukong,Azir,Kalista,Renata Glasc,Nuguri,Canyon,ShowMaker,deokdam,Kellin,Morgan,UmTi,Lava,Hena,Delight
2022-07-16,DRX,T1,T1,Renata Glasc,Sylas,Senna,Ezreal,Kalista,Zeri,Corki,Lucian,Poppy,Swain,Gnar,Vi,Akali,Aphelios,Nautilus,Gangplank,Lee Sin,Azir,Draven,Pyke,Kingen,Juhan,Zeka,Deft,BeryL,Zeus,Oner,Faker,Gumayusi,Keria
2022-07-16,DRX,T1,T1,Renata Glasc,Sylas,Lucian,Pyke,Lee Sin,Corki,Zeri,Amumu,Diana,Ahri,Gwen,Xin Zhao,Azir,Senna,Tahm Kench,Gnar,Poppy,Seraphine,Draven,Blitzcrank,Kingen,Pyosik,Zeka,Deft,BeryL,Zeus,Oner,Faker,Gumayusi,Keria
2022-07-16,Kwangdong Freecs,KT Rolster,KT Rolster,Sylas,Corki,Azir,Ornn,Swain,Kalista,Seraphine,Taliyah,Gangplank,Ryze,Irelia,Poppy,Lissandra,Aphelios,Renata Glasc,Gnar,Trundle,Galio,Zeri,Yuumi,Kiin,Ellim,FATE,Teddy,Moham,Rascal,Cuzz,VicLa,Aiming,Life
2022-07-16,KT Rolster,Kwangdong Freecs,KT Rolster,Seraphine,Kalista,Poppy,Taliyah,Ryze,Zeri,Corki,Azir,Sejuani,Wukong,Gwen,Lee Sin,Sylas,Lucian,Nami,Gangplank,Trundle,Gragas,Kog'Maw,Lulu,Rascal,Cuzz,VicLa,Aiming,Life,Kiin,Ellim,FATE,Teddy,Moham
2022-07-15,Hanwha Life Esports,Liiv SANDBOX,Liiv SANDBOX,Corki,Vi,Gnar,Gwen,Viktor,Wukong,Zeri,Azir,Ahri,Gangplank,Camille,Trundle,Orianna,Lucian,Nami,Ornn,Poppy,Akali,Kalista,Renata Glasc,DuDu,OnFleek,Karis,Cheoni,Vsta,Dove,Croco,Clozer,Prince,Kael
2022-07-15,Liiv SANDBOX,Hanwha Life Esports,Liiv SANDBOX,Gnar,Wukong,Lucian,Ahri,Gangplank,Azir,Corki,Zeri,Ornn,Gwen,Sejuani,Poppy,Viktor,Aphelios,Tahm Kench,Aatrox,Trundle,Akali,Kalista,Renata Glasc,Dove,Croco,Clozer,Prince,Kael,DuDu,OnFleek,Karis,Cheoni,Vsta
2022-07-15,Nongshim RedForce,Fredit BRION,Fredit BRION,Bel'Veth,Gnar,Aphelios,Renata Glasc,Rakan,Lucian,Zeri,Kalista,Tryndamere,Fiora,Kennen,Viego,Corki,Senna,Tahm Kench,Gwen,Wukong,Ahri,Ezreal,Yuumi,Canna,Sylvie,Bdd,Ghost,Effort,Morgan,UmTi,Lava,Hena,Delight
2022-07-15,Fredit BRION,Nongshim RedForce,Fredit BRION,Viego,Senna,Lucian,Taliyah,Veigar,Zeri,Corki,Sylas,Gangplank,Trundle,Ornn,Bel'Veth,Azir,Kalista,Renata Glasc,Gnar,Poppy,Viktor,Aphelios,Tahm Kench,Morgan,UmTi,Lava,Hena,Delight,Canna,Sylvie,Bdd,Ghost,Effort
2022-07-14,Kwangdong Freecs,DWG KIA,DWG KIA,Azir,Corki,Sylas,Diana,Taliyah,Lucian,Zeri,Kalista,Poppy,Trundle,Gangplank,Lee Sin,Lissandra,Senna,Seraphine,Gnar,Wukong,Zilean,Aphelios,Tahm Kench,Kiin,Ellim,FATE,Teddy,Moham,Nuguri,Canyon,ShowMaker,deokdam,Kellin
2022-07-14,DWG KIA,Kwangdong Freecs,DWG KIA,Kalista,Poppy,Lulu,Wukong,Ornn,Zeri,Azir,Lucian,Sejuani,Trundle,Gangplank,Lee Sin,Corki,Aphelios,Tahm Kench,Gnar,Xin Zhao,Swain,Senna,Seraphine,Nuguri,Canyon,ShowMaker,deokdam,Kellin,Kiin,Ellim,FATE,Teddy,Moham
2022-07-14,DRX,KT Rolster,KT Rolster,Gwen,Poppy,Aphelios,Akali,Gragas,Kalista,Corki,Taliyah,Kindred,Viego,Ornn,Trundle,Azir,Lucian,Yuumi,Gnar,Wukong,Sylas,Zeri,Nautilus,Kingen,Pyosik,Zeka,Deft,BeryL,Rascal,Cuzz,VicLa,Aiming,Life
2022-07-14,KT Rolster,DRX,KT Rolster,Kalista,Lulu,Poppy,Wukong,Kindred,Zeri,Gwen,Lucian,Gnar,Trundle,Sejuani,Viego,Sylas,Aphelios,Renata Glasc,Olaf,Bel'Veth,Azir,Senna,Seraphine,Rascal,Cuzz,VicLa,Aiming,Life,Kingen,Pyosik,Zeka,Deft,BeryL
2022-07-14,KT Rolster,DRX,DRX,Kalista,Lulu,Senna,Gangplank,Gnar,Zeri,Corki,Azir,Gwen,Sylas,Ornn,Volibear,Ahri,Lucian,Nami,Aatrox,Poppy,Taliyah,Ashe,Renata Glasc,Rascal,Cuzz,VicLa,Aiming,Life,Kingen,Pyosik,Zeka,Deft,BeryL
2022-07-13,Liiv SANDBOX,Gen.G,Gen.G,Sylas,Lucian,Kalista,Twitch,Jhin,Zeri,Vi,Renata Glasc,Sejuani,Ornn,Gangplank,Trundle,Azir,Aphelios,Tahm Kench,Gnar,Poppy,Corki,Ezreal,Yuumi,Dove,Croco,Clozer,Prince,Kael,Doran,Peanut,Chovy,Ruler,Lehends
2022-07-13,Gen.G,Liiv SANDBOX,Gen.G,Vi,Lulu,Renata Glasc,Lee Sin,Trundle,Kalista,Lucian,Poppy,Ornn,Sejuani,Gnar,Wukong,Sylas,Zeri,Yuumi,Gragas,Viego,Azir,Aphelios,Nautilus,Doran,Peanut,Chovy,Ruler,Lehends,Dove,Croco,Clozer,Prince,Kael
2022-07-13,T1,Hanwha Life Esports,T1,Poppy,Swain,Amumu,Ezreal,Aphelios,Zeri,Lucian,Senna,Yone,Gangplank,Gwen,Xin Zhao,Corki,Kalista,Renata Glasc,Gnar,Lee Sin,Ahri,Jinx,Tahm Kench,Zeus,Oner,Faker,Gumayusi,Keria,DuDu,OnFleek,Karis,Cheoni,Vsta
2022-07-13,Hanwha Life Esports,T1,Hanwha Life Esports,Corki,Senna,Draven,Ezreal,Tahm Kench,Amumu,Lucian,Zeri,Rakan,Kalista,Sylas,Poppy,Azir,Aphelios,Pyke,Gnar,Viego,Seraphine,Ashe,Pantheon,DuDu,OnFleek,Karis,Cheoni,Vsta,Zeus,Oner,Faker,Gumayusi,Keria
2022-07-13,Hanwha Life Esports,T1,T1,Corki,Senna,Draven,Aphelios,Kalista,Amumu,Gnar,Zeri,Sejuani,Viego,Jax,Xin Zhao,Azir,Lucian,Nami,Gwen,Lee Sin,Seraphine,Ezreal,Karma,DuDu,OnFleek,Karis,Cheoni,Vsta,Zeus,Oner,Faker,Gumayusi,Keria
2022-07-10,Fredit BRION,T1,T1,Lucian,Draven,Zeri,Gwen,Gangplank,Corki,Amumu,Samira,Renata Glasc,Rakan,Gnar,Wukong,Seraphine,Kalista,Rell,Yone,Diana,Yasuo,Senna,Lee Sin,Sw0rd,UmTi,Lava,Gamin,Delight,Zeus,Oner,Faker,Gumayusi,Keria
2022-07-10,T1,Fredit BRION,T1,Corki,Kalista,Poppy,Nautilus,Rell,Zeri,Seraphine,Draven,Azir,Lissandra,Gnar,Xin Zhao,LeBlanc,Lucian,Nami,Sejuani,Wukong,Ahri,Samira,Amumu,Zeus,Oner,Faker,Gumayusi,Keria,Sw0rd,UmTi,Lava,Gamin,Delight
2022-07-10,DRX,Gen.G,Gen.G,Poppy,Yuumi,Azir,Jarvan IV,Wukong,Kalista,Corki,Kog'Maw,Gangplank,Viego,Gwen,Lee Sin,Seraphine,Aphelios,Renata Glasc,Gnar,Skarner,Sylas,Lucian,Nami,Kingen,Pyosik,Zeka,Deft,BeryL,Doran,Peanut,Chovy,Ruler,Lehends
2022-07-10,DRX,Gen.G,Gen.G,Poppy,Sylas,Yuumi,Gwen,Jarvan IV,Kalista,Corki,Wukong,Viego,Gnar,Shyvana,Lee Sin,Seraphine,Kog'Maw,Lulu,Gangplank,Hecarim,Azir,Lucian,Nami,Kingen,Pyosik,Zeka,Deft,BeryL,Doran,Peanut,Chovy,Ruler,Lehends
2022-07-09,Hanwha Life Esports,DWG KIA,DWG KIA,Twisted Fate,Corki,Lucian,Ashe,Lissandra,Wukong,Azir,Zeri,Gangplank,Gwen,Sejuani,Xin Zhao,Ahri,Kalista,Renata Glasc,Gnar,Trundle,Taliyah,Aphelios,Tahm Kench,DuDu,OnFleek,Karis,SamD,Vsta,Nuguri,Canyon,ShowMaker,deokdam,Kellin
2022-07-09,Hanwha Life Esports,DWG KIA,DWG KIA,Twisted Fate,Corki,Lucian,Swain,Sylas,Wukong,Azir,Zeri,Viktor,Lee Sin,Gnar,Viego,Ahri,Kalista,Amumu,Gangplank,Taliyah,Lissandra,Senna,Tahm Kench,DuDu,OnFleek,Karis,SamD,Vsta,Nuguri,Canyon,ShowMaker,deokdam,Kellin
2022-07-09,Nongshim RedForce,Liiv SANDBOX,Liiv SANDBOX,Kalista,Renata Glasc,Tahm Kench,Vi,Ornn,Seraphine,Corki,Poppy,Lissandra,Ahri,Sejuani,Wukong,Zoe,Lucian,Nami,Gnar,Trundle,Azir,Zeri,Nautilus,Canna,Dread,Bdd,Ghost,Effort,Dove,Croco,Clozer,Prince,Kael
2022-07-09,Nongshim RedForce,Liiv SANDBOX,Liiv SANDBOX,Renata Glasc,Tahm Kench,Zeri,Amumu,Nautilus,Seraphine,Poppy,Wukong,Xayah,Aphelios,Gnar,Lee Sin,Azir,Lucian,Nami,Ornn,Vi,Corki,Kalista,Rell,Canna,Dread,Bdd,Ghost,Effort,Dove,Croco,Clozer,Prince,Kael
2022-07-08,Kwangdong Freecs,KT Rolster,Kwangdong Freecs,Azir,Corki,Aphelios,Sylas,Ahri,Lucian,Zeri,Kalista,Gnar,Gangplank,Fiora,Lee Sin,Lissandra,Senna,Seraphine,Gwen,Trundle,Yone,Ezreal,Yuumi,Kiin,Ellim,FATE,Teddy,Moham,Rascal,Cuzz,VicLa,Aiming,Life
2022-07-08,KT Rolster,Kwangdong Freecs,KT Rolster,Kalista,Taliyah,Seraphine,Ahri,Gnar,Lucian,Corki,Aphelios,Trundle,Ornn,Sejuani,Viego,Azir,Zeri,Yuumi,Gwen,Wukong,Ryze,Jinx,Lulu,Rascal,Cuzz,VicLa,Aiming,Life,Kiin,Ellim,FATE,Teddy,Moham
2022-07-08,Kwangdong Freecs,KT Rolster,Kwangdong Freecs,Senna,Corki,Aphelios,Azir,Ahri,Lucian,Zeri,Seraphine,Gangplank,Lissandra,Gnar,Trundle,Taliyah,Kalista,Amumu,Gwen,Wukong,Viktor,Ashe,Renata Glasc,Kiin,Ellim,FATE,Teddy,Moham,Rascal,Cuzz,VicLa,Aiming,Life
2022-07-08,Gen.G,T1,T1,Kalista,Seraphine,Draven,Bard,Pyke,Poppy,Zeri,Lucian,Gangplank,Sejuani,Gragas,Viego,Corki,Senna,Tahm Kench,Gnar,Lee Sin,Lissandra,Ezreal,Yuumi,Doran,Peanut,Chovy,Ruler,Lehends,Zeus,Oner,Faker,Gumayusi,Keria
2022-07-08,T1,Gen.G,T1,Sylas,Poppy,Yuumi,Sejuani,Ornn,Corki,Seraphine,Azir,Blitzcrank,Nautilus,Gnar,Viego,Lissandra,Draven,Pyke,Gangplank,Wukong,Akali,Ashe,Renata Glasc,Zeus,Oner,Faker,Gumayusi,Keria,Doran,Peanut,Chovy,Ruler,Lehends
2022-07-08,Gen.G,T1,Gen.G,Kalista,Seraphine,Nautilus,Draven,Senna,Zeri,Lucian,Corki,Ezreal,Ashe,Gnar,Poppy,Azir,Jinx,Tahm Kench,Gangplank,Wukong,Swain,Aphelios,Renata Glasc,Doran,Peanut,Chovy,Ruler,Lehends,Zeus,Oner,Faker,Gumayusi,Keria
2022-07-07,Hanwha Life Esports,Liiv SANDBOX,Liiv SANDBOX,Vi,Ahri,Aphelios,Poppy,Trundle,Zeri,Wukong,Corki,Gwen,Xin Zhao,Gnar,Lee Sin,Viktor,Kalista,Amumu,Ornn,Volibear,Azir,Ezreal,Tahm Kench,DuDu,OnFleek,Karis,SamD,Vsta,Dove,Croco,Clozer,Prince,Kael
2022-07-07,Liiv SANDBOX,Hanwha Life Esports,Liiv SANDBOX,Seraphine,Corki,Kalista,Swain,Ahri,Zeri,Wukong,Lucian,Trundle,Vi,Gangplank,Poppy,Azir,Jinx,Tahm Kench,Gnar,Viego,Viktor,Aphelios,Rakan,Dove,Croco,Clozer,Prince,Kael,DuDu,OnFleek,Karis,SamD,Vsta
2022-07-07,Hanwha Life Esports,Liiv SANDBOX,Hanwha Life Esports,Vi,Ahri,Aphelios,Ornn,Trundle,Kalista,Zeri,Seraphine,Lissandra,Swain,Gnar,Wukong,Azir,Kog'Maw,Lulu,Gwen,Lee Sin,Corki,Lucian,Nami,DuDu,OnFleek,Karis,SamD,Vsta,Dove,Croco,Clozer,Prince,Kael
2022-07-07,DWG KIA,DRX,DRX,Kalista,Corki,Tahm Kench,Ornn,Sylas,Zeri,Seraphine,Renata Glasc,Gwen,Twisted Fate,Gragas,Wukong,Lissandra,Xayah,Rakan,Gnar,Poppy,Swain,Lucian,Nami,Nuguri,Canyon,ShowMaker,deokdam,Kellin,Kingen,Pyosik,Zeka,Deft,BeryL
2022-07-07,DWG KIA,DRX,DWG KIA,Ornn,Kalista,Viego,Poppy,Gangplank,Zeri,Seraphine,Renata Glasc,Lissandra,Ahri,Gwen,Wukong,Sylas,Lucian,Nami,Gnar,Trundle,Corki,Senna,Tahm Kench,Nuguri,Canyon,ShowMaker,deokdam,Kellin,Kingen,Pyosik,Zeka,Deft,BeryL
2022-07-07,DWG KIA,DRX,DRX,Ornn,Wukong,Senna,Viego,Nautilus,Zeri,Seraphine,Renata Glasc,Ashe,Aphelios,Sejuani,Bel'Veth,Swain,Ezreal,Yuumi,Gnar,Trundle,Corki,Kalista,Amumu,Nuguri,Canyon,ShowMaker,deokdam,Kellin,Kingen,Pyosik,Zeka,Deft,BeryL
2022-07-06,Kwangdong Freecs,Fredit BRION,Kwangdong Freecs,Sylas,Corki,Kalista,Azir,Ornn,Zeri,Seraphine,Senna,Ryze,Twisted Fate,Gwen,Wukong,Swain,Lucian,Nami,Gangplank,Poppy,Viktor,Kog'Maw,Lulu,Kiin,Ellim,FATE,Teddy,Moham,Sw0rd,UmTi,Lava,Hena,Delight
2022-07-06,Kwangdong Freecs,Fredit BRION,Kwangdong Freecs,Sylas,Kalista,Corki,Ahri,Azir,Zeri,Seraphine,Senna,Lissandra,Swain,Gangplank,Trundle,Ryze,Lucian,Nami,Gnar,Wukong,Viktor,Aphelios,Lulu,Kiin,Ellim,FATE,Teddy,Moham,Sw0rd,UmTi,Lava,Gamin,Delight
2022-07-06,Nongshim RedForce,KT Rolster,KT Rolster,Kalista,Aphelios,Jinx,Karma,Renata Glasc,Lucian,Zeri,Tahm Kench,Gwen,Ahri,Gnar,Wukong,Lissandra,Xayah,Rakan,Sejuani,Viego,Corki,Ezreal,Yuumi,Canna,Dread,Bdd,Ghost,Effort,Rascal,Cuzz,VicLa,Aiming,Life
2022-07-06,KT Rolster,Nongshim RedForce,KT Rolster,Tahm Kench,Viego,Seraphine,Rakan,Lee Sin,Wukong,Zeri,Lucian,Sejuani,Gnar,Ornn,Trundle,Corki,Aphelios,Renata Glasc,Gwen,Vi,Azir,Xayah,Pyke,Rascal,Cuzz,VicLa,Aiming,Life,Canna,Dread,Bdd,Ghost,Effort
2022-07-06,Nongshim RedForce,KT Rolster,Nongshim RedForce,Kalista,Aphelios,Wukong,Renata Glasc,Lulu,Seraphine,Zeri,Lucian,Azir,Gnar,Tryndamere,Viego,Ahri,Senna,Tahm Kench,Gwen,Sejuani,Corki,Jinx,Rakan,Canna,Dread,Bdd,Ghost,Effort,Rascal,Cuzz,VicLa,Aiming,Life
2022-07-03,Hanwha Life Esports,KT Rolster,KT Rolster,Corki,Senna,Wukong,Ezreal,Nautilus,Kalista,Lucian,Zeri,Renata Glasc,Karma,Gnar,Viego,Azir,Jinx,Thresh,Gwen,Sejuani,Yone,Aphelios,Tahm Kench,DuDu,OnFleek,Karis,SamD,Vsta,Rascal,Cuzz,VicLa,Aiming,Life
2022-07-03,KT Rolster,Hanwha Life Esports,KT Rolster,Kalista,Swain,Viego,Viktor,Taliyah,Lucian,Zeri,Corki,Ezreal,Jinx,Gwen,Wukong,Azir,Aphelios,Renata Glasc,Gnar,Lee Sin,Lissandra,Senna,Tahm Kench,Rascal,Cuzz,VicLa,Aiming,Life,DuDu,OnFleek,Karis,SamD,Vsta
2022-07-03,DWG KIA,Nongshim RedForce,DWG KIA,Gwen,Gangplank,Sylas,Ornn,Camille,Lucian,Renata Glasc,Gnar,Corki,Akali,Sejuani,Viego,Azir,Zeri,Yuumi,Mordekaiser,Wukong,Yone,Seraphine,Senna,Nuguri,Canyon,ShowMaker,deokdam,Kellin,Canna,Dread,Bdd,Ghost,Effort
2022-07-03,DWG KIA,Nongshim RedForce,DWG KIA,Seraphine,Senna,Wukong,Gwen,Swain,Lucian,Twisted Fate,Lissandra,Lee Sin,Vi,Gnar,Xin Zhao,Corki,Zeri,Lulu,Ornn,Viego,Azir,Twitch,Yuumi,Nuguri,Canyon,ShowMaker,deokdam,Kellin,Canna,Dread,Bdd,Ghost,Peter
2022-07-02,Gen.G,Kwangdong Freecs,Gen.G,Seraphine,Senna,Kalista,Bard,Tahm Kench,Zeri,Corki,Lucian,Lissandra,Swain,Sejuani,Wukong,Sylas,Ashe,Renata Glasc,Gnar,Viego,Ahri,Jhin,Rakan,Doran,Peanut,Chovy,Ruler,Lehends,Kiin,Ellim,FATE,Teddy,Hoit
2022-07-02,Gen.G,Kwangdong Freecs,Gen.G,Seraphine,Senna,Wukong,Amumu,Gwen,Zeri,Lucian,Corki,Aphelios,Xayah,Gnar,Poppy,Azir,Ezreal,Renata Glasc,Ornn,Viego,Lissandra,Kalista,Ashe,Doran,Peanut,Chovy,Ruler,Lehends,Kiin,Ellim,FATE,Teddy,Hoit
2022-07-02,Fredit BRION,Liiv SANDBOX,Liiv SANDBOX,Azir,Ahri,Tahm Kench,Trundle,Aphelios,Zeri,Corki,Lucian,Kalista,Rakan,Gangplank,Wukong,Swain,Jinx,Braum,Ornn,Lee Sin,Sylas,Ezreal,Renata Glasc,Sw0rd,UmTi,Lava,Hena,Delight,Dove,Croco,Clozer,Prince,Kael
2022-07-02,Liiv SANDBOX,Fredit BRION,Liiv SANDBOX,Corki,Lissandra,Swain,Galio,Twisted Fate,Zeri,Azir,Wukong,Trundle,Lee Sin,Ornn,Vi,Ahri,Jinx,Thresh,Gangplank,Viego,LeBlanc,Aphelios,Tahm Kench,Dove,Croco,Clozer,Prince,Kael,Sw0rd,UmTi,Lava,Hena,Delight
2022-07-01,T1,DRX,T1,Ornn,Wukong,Amumu,Sylas,Orianna,Lucian,Zeri,Corki,Gnar,Gangplank,Fiora,Viego,Swain,Senna,Seraphine,Gwen,Poppy,Viktor,Kalista,Renata Glasc,Zeus,Oner,Faker,Gumayusi,Keria,Kingen,Pyosik,Zeka,Deft,BeryL
2022-07-01,T1,DRX,T1,Ornn,Akali,Wukong,Olaf,Kayle,Lucian,Zeri,Gangplank,Poppy,Viego,Gwen,Lee Sin,Corki,Senna,Tahm Kench,Gnar,Hecarim,Ahri,Kalista,Amumu,Zeus,Oner,Faker,Gumayusi,Keria,Kingen,Pyosik,Zeka,Deft,BeryL
2022-07-01,DWG KIA,KT Rolster,DWG KIA,Tahm Kench,Swain,Twitch,Aphelios,Ornn,Twisted Fate,Lucian,Taliyah,Sylas,Gangplank,Sejuani,Viego,Lissandra,Zeri,Yuumi,Gnar,Wukong,Corki,Jinx,Nautilus,Nuguri,Canyon,ShowMaker,deokdam,Kellin,Rascal,Cuzz,VicLa,Aiming,Life
2022-07-01,KT Rolster,DWG KIA,DWG KIA,Twisted Fate,Swain,Corki,Yone,Aphelios,Zeri,Lucian,Gangplank,Sejuani,Ahri,Ornn,Wukong,Azir,Kalista,Renata Glasc,Gnar,Taliyah,Lissandra,Ashe,Tahm Kench,Rascal,Cuzz,VicLa,Aiming,Life,Nuguri,Canyon,ShowMaker,deokdam,Kellin
2022-06-30,Nongshim RedForce,Gen.G,Gen.G,Kalista,Twitch,Ezreal,Corki,Akali,Lucian,Zeri,Swain,Viego,Trundle,Gangplank,Volibear,Azir,Senna,Tahm Kench,Gnar,Wukong,Karma,Ashe,Renata Glasc,Canna,Dread,Bdd,Ghost,Effort,Doran,Peanut,Chovy,Ruler,Lehends
2022-06-30,Gen.G,Nongshim RedForce,Gen.G,Rakan,Tahm Kench,Renata Glasc,Ornn,Swain,Corki,Azir,Wukong,Viktor,Twisted Fate,Kayle,Poppy,Yone,Lucian,Yuumi,Gangplank,Viego,Zoe,Zeri,Nami,Doran,Peanut,Chovy,Ruler,Lehends,Canna,Dread,Bdd,Ghost,Effort
2022-06-30,Fredit BRION,Hanwha Life Esports,Hanwha Life Esports,Kalista,Senna,Gnar,Gwen,Trundle,Corki,Lucian,Zeri,Ahri,Ornn,Camille,Wukong,Galio,Aphelios,Tahm Kench,Jax,Volibear,Azir,Jinx,Thresh,Morgan,Raptor,Lava,Hena,Delight,DuDu,OnFleek,Karis,SamD,Vsta
2022-06-30,Hanwha Life Esports,Fredit BRION,Hanwha Life Esports,Corki,Viego,Lucian,Xayah,Nautilus,Kalista,Senna,Zeri,Ezreal,Jhin,Gangplank,Wukong,Azir,Jinx,Tahm Kench,Gnar,Lee Sin,Ahri,Aphelios,Rakan,DuDu,OnFleek,Karis,SamD,Vsta,Morgan,Raptor,Lava,Hena,Delight
2022-06-30,Fredit BRION,Hanwha Life Esports,Fredit BRION,Kalista,Senna,Gnar,Trundle,Gwen,Corki,Lucian,Wukong,Lissandra,Twisted Fate,Gangplank,Viego,Swain,Zeri,Lulu,Ornn,Xin Zhao,Ahri,Twitch,Yuumi,Morgan,Raptor,Lava,Hena,Delight,DuDu,OnFleek,Karis,SamD,Vsta
2022-06-29,T1,Kwangdong Freecs,Kwangdong Freecs,Ahri,Senna,Kalista,Ezreal,Swain,Corki,Zeri,Lucian,Viego,Sylas,Gangplank,Lee Sin,Lissandra,Jinx,Tahm Kench,Gnar,Wukong,Ornn,Ashe,Seraphine,Zeus,Oner,Faker,Gumayusi,Keria,Kiin,Ellim,FATE,Teddy,Hoit
2022-06-29,T1,Kwangdong Freecs,Kwangdong Freecs,Ahri,Twisted Fate,Yuumi,Ornn,Akali,Corki,Lucian,Zeri,Amumu,Renata Glasc,Gwen,Wukong,Azir,Kalista,Tahm Kench,Gangplank,Viego,Swain,Senna,Seraphine,Zeus,Oner,Faker,Gumayusi,Keria,Kiin,Ellim,FATE,Teddy,Hoit
2022-06-29,T1,Kwangdong Freecs,T1,Ahri,Twisted Fate,Nautilus,Akali,Gangplank,Corki,Zeri,Wukong,Lee Sin,Trundle,Gwen,Xin Zhao,Azir,Lucian,Nami,Kayle,Viego,Ornn,Senna,Tahm Kench,Zeus,Oner,Faker,Gumayusi,Keria,Kiin,Ellim,FATE,Teddy,Hoit
2022-06-29,DRX,Liiv SANDBOX,Liiv SANDBOX,Renata Glasc,Wukong,Lissandra,Ornn,Gragas,Corki,Zeri,Lucian,Rakan,Nautilus,Gangplank,Viego,Ahri,Xayah,Rell,Azir,Lee Sin,LeBlanc,Aphelios,Tahm Kench,Kingen,Pyosik,Zeka,Deft,BeryL,Dove,Croco,Clozer,Prince,Kael
2022-06-29,Liiv SANDBOX,DRX,DRX,Corki,Azir,Lucian,Rakan,Twisted Fate,Wukong,Ahri,Zeri,Ornn,Gwen,Gnar,Trundle,Zoe,Aphelios,Tahm Kench,Gangplank,Viego,Orianna,Kalista,Renata Glasc,Dove,Croco,Clozer,Prince,Kael,Kingen,Pyosik,Zeka,Deft,BeryL
2022-06-29,Liiv SANDBOX,DRX,Liiv SANDBOX,Corki,Azir,Lissandra,Tahm Kench,Ornn,Wukong,Lucian,Ahri,Twisted Fate,Sylas,Gangplank,Trundle,LeBlanc,Zeri,Nautilus,Gnar,Viego,Akali,Senna,Amumu,Dove,Croco,Clozer,Prince,Kael,Kingen,Pyosik,Zeka,Deft,BeryL
2022-06-26,Kwangdong Freecs,DRX,DRX,Senna,Corki,Lucian,Sejuani,Gwen,Wukong,Ahri,Twisted Fate,Volibear,Jarvan IV,Gragas,Trundle,Azir,Zeri,Nautilus,Ornn,Viego,Akali,Twitch,Rakan,Kiin,Ellim,FATE,Teddy,Hoit,Kingen,Pyosik,Zeka,Deft,BeryL
2022-06-26,DRX,Kwangdong Freecs,DRX,Wukong,Swain,Lissandra,Gangplank,Gwen,Zeri,Lucian,Senna,Renata Glasc,Ornn,Sejuani,Viego,Corki,Kalista,Rakan,Gnar,Trundle,Ahri,Ezreal,Nautilus,Kingen,Pyosik,Zeka,Deft,BeryL,Kiin,Ellim,FATE,Teddy,Moham
2022-06-26,Nongshim RedForce,Hanwha Life Esports,Nongshim RedForce,Kalista,Ezreal,Tahm Kench,Gnar,Ornn,Lucian,Zeri,Corki,Twisted Fate,Ahri,Gwen,Viego,Veigar,Xayah,Rakan,Jax,Wukong,Azir,Aphelios,Renata Glasc,Canna,Dread,Bdd,Ghost,Effort,DuDu,OnFleek,Karis,SamD,Vsta
2022-06-26,Hanwha Life Esports,Nongshim RedForce,Hanwha Life Esports,Twisted Fate,Azir,Corki,Viego,Ornn,Zeri,Lucian,Kalista,Sylas,Ahri,Gnar,Wukong,Viktor,Senna,Tahm Kench,Gwen,Trundle,Swain,Xayah,Rakan,DuDu,OnFleek,Karis,SamD,Vsta,Canna,Dread,Bdd,Ghost,Effort
2022-06-26,Hanwha Life Esports,Nongshim RedForce,Nongshim RedForce,Azir,Twisted Fate,Corki,Gwen,Akali,Zeri,Lucian,Kalista,Ahri,Sylas,Gnar,Wukong,Viktor,Kai'Sa,Nautilus,Ornn,Viego,Swain,Xayah,Rakan,DuDu,OnFleek,Karis,SamD,Vsta,Canna,Dread,Bdd,Ghost,Effort
2022-06-25,KT Rolster,Liiv SANDBOX,Liiv SANDBOX,Renata Glasc,Ahri,Akali,Sylas,Yasuo,Zeri,Lucian,Wukong,Ornn,Sett,Gnar,Viego,Corki,Senna,Sejuani,Gwen,Trundle,Zoe,Aphelios,Tahm Kench,Rascal,Cuzz,Aria,Aiming,Life,Dove,Croco,Clozer,Prince,Kael
2022-06-25,Liiv SANDBOX,KT Rolster,Liiv SANDBOX,Tahm Kench,Gwen,Lissandra,Kalista,Senna,Zeri,Lucian,Ahri,Nautilus,Renata Glasc,Gnar,Wukong,Sylas,Kai'Sa,Rakan,Gangplank,Volibear,Corki,Ezreal,Karma,Dove,Croco,Clozer,Prince,Kael,Rascal,Cuzz,Aria,Aiming,Life
2022-06-25,DWG KIA,T1,T1,Gangplank,Tahm Kench,Zeri,Kai'Sa,Xayah,Lucian,Corki,Wukong,Poppy,Rakan,Gwen,Nocturne,Twisted Fate,Ezreal,Bard,Camille,Lee Sin,Galio,Kalista,Nautilus,Nuguri,Canyon,ShowMaker,deokdam,Kellin,Zeus,Oner,Faker,Gumayusi,Keria
2022-06-25,DWG KIA,T1,T1,Gangplank,Tahm Kench,Zeri,Kai'Sa,Nautilus,Lucian,Corki,Wukong,Poppy,Gwen,Mordekaiser,Trundle,Twisted Fate,Ezreal,Karma,Camille,Lee Sin,Galio,Xayah,Pyke,Nuguri,Canyon,ShowMaker,deokdam,Kellin,Zeus,Oner,Faker,Gumayusi,Keria
2022-06-24,Fredit BRION,Gen.G,Gen.G,Yuumi,Senna,Lucian,Azir,Lissandra,Corki,Zeri,Renata Glasc,Kalista,Nautilus,Gwen,Wukong,Ahri,Aphelios,Tahm Kench,Akali,Viego,Viktor,Jinx,Rakan,Morgan,UmTi,Lava,Hena,Delight,Doran,Peanut,Chovy,Ruler,Lehends
2022-06-24,Fredit BRION,Gen.G,Gen.G,Senna,Azir,Lucian,Gwen,Gangplank,Corki,Viego,Renata Glasc,Ornn,Veigar,Gragas,Poppy,Lissandra,Zeri,Nautilus,Aatrox,Wukong,Ahri,Twitch,Yuumi,Morgan,UmTi,Lava,Hena,Delight,Doran,Peanut,Chovy,Ruler,Lehends
2022-06-24,DRX,Hanwha Life Esports,DRX,Swain,Wukong,Kalista,Kai'Sa,Senna,Lucian,Zeri,Corki,Viego,Kindred,Gangplank,Poppy,Azir,Ezreal,Rakan,Gnar,Xin Zhao,Akali,Jhin,Karma,Kingen,Pyosik,Zeka,Deft,BeryL,DuDu,OnFleek,Karis,SamD,Vsta
2022-06-24,Hanwha Life Esports,DRX,Hanwha Life Esports,Corki,Twisted Fate,Azir,Viego,Kindred,Lucian,Wukong,Zeri,Lissandra,Swain,Gnar,Xin Zhao,Zoe,Kalista,Amumu,Olaf,Graves,Ahri,Senna,Tahm Kench,DuDu,OnFleek,Karis,SamD,Vsta,Kingen,Pyosik,Zeka,Deft,BeryL
2022-06-24,Hanwha Life Esports,DRX,DRX,Twisted Fate,Corki,Azir,Lee Sin,Sylas,Wukong,Zeri,Lucian,Lissandra,Swain,Gnar,Viego,Zoe,Kalista,Amumu,Ornn,Kindred,Ahri,Senna,Tahm Kench,DuDu,OnFleek,Karis,SamD,Vsta,Kingen,Pyosik,Zeka,Deft,BeryL
2022-06-23,Liiv SANDBOX,T1,T1,Corki,Gangplank,Gragas,Azir,Swain,Lucian,Zeri,Wukong,Gnar,Gwen,Fiora,Vi,Ahri,Ezreal,Renata Glasc,Jayce,Lee Sin,Lissandra,Senna,Tahm Kench,Dove,Croco,Clozer,Prince,Kael,Zeus,Oner,Faker,Gumayusi,Keria
2022-06-23,T1,Liiv SANDBOX,T1,Vi,Ahri,Akali,Gnar,Aphelios,Corki,Gangplank,Lucian,Trundle,LeBlanc,Gragas,Viego,Swain,Zeri,Renata Glasc,Gwen,Wukong,Azir,Kai'Sa,Nautilus,Zeus,Oner,Faker,Gumayusi,Keria,Dove,Croco,Clozer,Prince,Kael
2022-06-23,Kwangdong Freecs,Nongshim RedForce,Nongshim RedForce,Azir,Senna,Corki,Wukong,Akali,Kalista,Zeri,Lucian,Ornn,Gangplank,Kayle,Volibear,Ahri,Ezreal,Tahm Kench,Gwen,Viego,Lissandra,Kai'Sa,Rakan,Kiin,Ellim,FATE,Teddy,Moham,Canna,Dread,Bdd,Ghost,Effort
2022-06-23,Kwangdong Freecs,Nongshim RedForce,Nongshim RedForce,Azir,Senna,Corki,Kayle,Lee Sin,Kalista,Zeri,Lucian,Ornn,Gangplank,Gnar,Volibear,Ahri,Ezreal,Nautilus,Gwen,Wukong,Lissandra,Kai'Sa,Rakan,Kiin,Ellim,FATE,Teddy,Moham,Canna,Dread,Bdd,Ghost,Effort
2022-06-22,Fredit BRION,KT Rolster,KT Rolster,Gwen,Lucian,Ezreal,Senna,Jinx,Corki,Zeri,Wukong,Kayle,Vi,Ornn,Graves,Ahri,Xayah,Rakan,Gangplank,Viego,Lissandra,Aphelios,Tahm Kench,Morgan,UmTi,Lava,Hena,Delight,Rascal,Cuzz,Aria,Aiming,Life
2022-06-22,Fredit BRION,KT Rolster,KT Rolster,Lucian,Azir,Ezreal,Nautilus,Tahm Kench,Corki,Zeri,Wukong,Gnar,Vi,Kayle,Graves,Ahri,Xayah,Rakan,Gwen,Viego,Lissandra,Senna,Ornn,Morgan,UmTi,Lava,Hena,Delight,Rascal,Cuzz,Aria,Aiming,Life
2022-06-22,Gen.G,DWG KIA,Gen.G,Twisted Fate,Yuumi,Ezreal,Sejuani,Gragas,Wukong,Lucian,Zeri,Ornn,Viego,Gangplank,Poppy,Corki,Senna,Singed,Gnar,Volibear,Ahri,Kai'Sa,Renata Glasc,Doran,Peanut,Chovy,Ruler,Lehends,Nuguri,Canyon,ShowMaker,deokdam,Kellin
2022-06-22,DWG KIA,Gen.G,DWG KIA,Singed,Ahri,Viego,Poppy,Kayle,Twisted Fate,Lucian,Renata Glasc,Kassadin,Ornn,Gragas,Wukong,Sylas,Ezreal,Yuumi,Gnar,Trundle,Corki,Zeri,Nautilus,Nuguri,Canyon,ShowMaker,deokdam,Kellin,Doran,Peanut,Chovy,Ruler,Lehends
2022-06-22,Gen.G,DWG KIA,Gen.G,Twisted Fate,Renata Glasc,Ezreal,Gwen,Ornn,Lucian,Tahm Kench,Wukong,Gnar,Trundle,Gangplank,Viego,Ahri,Zeri,Singed,Sejuani,Qiyana,Corki,Xayah,Yuumi,Doran,Peanut,Chovy,Ruler,Lehends,Nuguri,Canyon,ShowMaker,deokdam,Kellin
2022-06-19,Liiv SANDBOX,DWG KIA,DWG KIA,Wukong,Gangplank,Tahm Kench,Kayle,Trundle,Ahri,Gwen,Lucian,Karma,Bard,Sejuani,Vi,Sylas,Ezreal,Braum,Aatrox,Poppy,Twisted Fate,Kai'Sa,Renata Glasc,Dove,Croco,Clozer,Prince,Kael,Nuguri,Canyon,ShowMaker,deokdam,Kellin
2022-06-19,DWG KIA,Liiv SANDBOX,DWG KIA,Ahri,Renata Glasc,Taliyah,Nautilus,Vi,Wukong,Gwen,Lucian,Karma,Trundle,Gangplank,Graves,Twisted Fate,Ezreal,Rakan,Sejuani,Lee Sin,Sylas,Kalista,Rell,Nuguri,Canyon,ShowMaker,deokdam,Kellin,Dove,Croco,Clozer,Prince,Kael
2022-06-19,KT Rolster,T1,T1,Renata Glasc,Senna,Gangplank,Tahm Kench,Jinx,Lucian,Taliyah,Gwen,Kalista,Ezreal,Sejuani,Wukong,Ahri,Kai'Sa,Nautilus,Gnar,Viego,Corki,Xayah,Braum,Rascal,Cuzz,Aria,Aiming,Life,Zeus,Oner,Faker,Gumayusi,Keria
2022-06-19,T1,KT Rolster,T1,Taliyah,Kayle,Sejuani,Nautilus,Ezreal,Gwen,Lucian,Senna,Renata Glasc,Jhin,Gangplank,Viego,Corki,Jinx,Tahm Kench,Gnar,Wukong,Ahri,Kalista,Jarvan IV,Zeus,Oner,Faker,Gumayusi,Keria,Rascal,Cuzz,Aria,Aiming,Life
2022-06-19,KT Rolster,T1,KT Rolster,Renata Glasc,Viego,Senna,Nautilus,Neeko,Lucian,Taliyah,Gwen,Kayle,Gangplank,Sejuani,Wukong,Azir,Ezreal,Tahm Kench,Gnar,Diana,Kassadin,Kalista,Camille,Rascal,Cuzz,Aria,Aiming,Life,Zeus,Oner,Faker,Gumayusi,Keria
2022-06-18,Fredit BRION,DRX,DRX,Senna,Ezreal,Gnar,Gangplank,Nautilus,Kai'Sa,Taliyah,Gwen,Poppy,Sejuani,Sion,Viego,Corki,Aphelios,Renata Glasc,Ornn,Wukong,Ahri,Kalista,Rell,Morgan,UmTi,Lava,Hena,Delight,Kingen,Pyosik,Zeka,Deft,BeryL
2022-06-18,DRX,Fredit BRION,DRX,Ahri,Kai'Sa,Taliyah,Camille,Twisted Fate,Gwen,Senna,Renata Glasc,Viego,Poppy,Gnar,Trundle,Corki,Ezreal,Braum,Gangplank,Wukong,Orianna,Kalista,Nautilus,Kingen,Pyosik,Zeka,Deft,BeryL,Morgan,UmTi,Lava,Hena,Delight
2022-06-18,Hanwha Life Esports,Gen.G,Gen.G,Kalista,Twisted Fate,Taliyah,Corki,Gangplank,Lucian,Gwen,Ahri,Bard,Yuumi,Gnar,Wukong,Viktor,Ezreal,Karma,Sejuani,Viego,Azir,Senna,Tahm Kench,DuDu,OnFleek,Karis,SamD,Vsta,Doran,Peanut,Chovy,Ruler,Lehends